,Country,Distance,Food Type,Monument,Price,Rating,Review Count
4,US,2875.471385393226,Barbeque,Statue of Liberty,2,4.0,984
5,US,2997.0205199870816,Mexican,Statue of Liberty,1,4.0,1441
6,US,3169.1191403362195,Italian,Statue of Liberty,2,4.0,595
7,US,3529.0862581501738,Cafes,Statue of Liberty,1,4.5,346
8,US,2798.573093946414,Cafes,Statue of Liberty,2,4.0,522
9,US,3211.041203155466,Korean,Statue of Liberty,2,4.0,653
10,US,3481.0553439505697,Mexican,Statue of Liberty,2,4.0,796
11,US,3072.4657043908196,Diners,Statue of Liberty,2,3.5,1150
12,US,3533.571550206962,Latin American,Statue of Liberty,2,4.0,660
13,US,2860.960718818742,Wine Bars,Statue of Liberty,3,4.0,546
14,US,3660.6648137862217,Seafood,Statue of Liberty,2,4.5,499
15,US,3387.361990080732,Thai,Statue of Liberty,2,4.5,253
16,US,2251.3982780168617,American (New),Statue of Liberty,3,3.5,366
17,US,3478.706132255396,American (New),Statue of Liberty,2,4.0,839
18,US,3409.467956419164,Seafood,Statue of Liberty,2,4.5,246
19,US,3002.990722864024,Cafes,Statue of Liberty,1,4.5,159
100,US,810.389297919572,Burgers,Empire State Building,2,4.0,5343
101,US,624.294256602738,Bagels,Empire State Building,1,4.5,2079
102,US,1576.689148581274,Food Stands,Empire State Building,1,4.5,8722
103,US,761.712601766026,American (New),Empire State Building,4,4.5,1760
104,US,797.492936802724,Italian,Empire State Building,2,4.0,4781
105,US,201.728871266272,Tapas Bars,Empire State Building,2,4.0,1671
106,US,256.874253866654,Steakhouses,Empire State Building,4,4.0,2061
107,US,136.422590339322,Korean,Empire State Building,1,4.0,2339
110,US,99.39792504093799,Coffee & Tea,Empire State Building,2,4.0,1558
111,US,446.186263006662,Italian,Empire State Building,3,4.0,1605
113,US,370.08690200967396,Coffee & Tea,Empire State Building,2,4.5,1296
114,US,485.56005679734193,Mediterranean,Empire State Building,3,4.0,2047
115,US,1983.5545827859958,Ramen,Empire State Building,2,4.0,9239
116,US,1126.675756124386,Seafood,Empire State Building,2,4.0,4216
117,US,1126.457139838238,American (New),Empire State Building,4,4.5,2448
118,US,66.821338225852,Chicken Wings,Empire State Building,2,4.0,1664
119,US,459.703460341848,French,Empire State Building,3,4.0,1288
121,US,4392.452459236568,Bakeries,Hollywood Sign,1,4.5,7210
122,US,3311.7762446339216,Breakfast & Brunch,Hollywood Sign,2,4.0,2820
123,US,3565.569290737386,Mediterranean,Hollywood Sign,3,4.0,1664
125,US,2563.221157541102,Hot Dogs,Hollywood Sign,1,4.5,663
126,US,2578.596139474666,Cafes,Hollywood Sign,1,4.0,532
129,US,3775.9018886956655,Performing Arts,Hollywood Sign,3,4.0,2066
130,US,2759.4385831033596,Sandwiches,Hollywood Sign,2,4.0,497
131,US,2497.806706274458,Vegan,Hollywood Sign,1,4.5,359
132,US,2891.547129002218,Mexican,Hollywood Sign,2,4.5,474
133,US,2549.2769743013996,Bars,Hollywood Sign,2,5.0,152
134,US,3676.379817074986,Seafood,Hollywood Sign,2,4.0,2334
135,US,2833.348290902276,Coffee & Tea,Hollywood Sign,1,5.0,166
136,US,3391.846867249668,Hookah Bars,Hollywood Sign,2,5.0,307
138,US,3045.3928495521936,American (Traditional),Hollywood Sign,2,3.5,1251
139,US,2240.670898608588,Breakfast & Brunch,Hollywood Sign,2,3.5,1009
143,US,4347.9288822139215,French,Golden Gate Bridge,3,4.5,2500
145,US,4298.0379147293415,Desserts,Golden Gate Bridge,1,4.0,2093
146,US,4045.2712244062077,Burmese,Golden Gate Bridge,2,4.0,1894
147,US,4234.744058111096,American (Traditional),Golden Gate Bridge,4,4.0,1725
149,US,4051.4803890065114,Pizza,Golden Gate Bridge,2,4.5,1130
153,US,4208.866347597604,Dim Sum,Golden Gate Bridge,1,4.0,1391
154,US,1987.981435362166,American (New),Golden Gate Bridge,3,3.5,593
155,US,4233.735758159962,Japanese,Golden Gate Bridge,2,4.0,931
156,US,3951.0666805834394,American (New),Golden Gate Bridge,2,4.0,708
157,US,4054.542250249826,German,Golden Gate Bridge,2,4.5,373
159,US,1452.937544649322,Coffee & Tea,Golden Gate Bridge,2,4.0,226
260,US,205.78186450440197,American (Traditional),Little Mermaid,2,4.0,519
261,US,222.250342595624,Dinner Theater,Little Mermaid,2,4.0,533
262,US,63.02493204183,American (Traditional),Little Mermaid,3,3.5,427
263,US,1816.0118409507159,Steakhouses,Little Mermaid,3,4.0,503
264,US,1647.4205709751238,Italian,Little Mermaid,2,4.0,601
265,US,1147.406267040348,Seafood,Little Mermaid,3,4.0,304
266,US,1458.54351670851,Bakeries,Little Mermaid,1,4.0,303
267,US,1709.8739916212098,British,Little Mermaid,2,4.0,385
268,US,2075.009941941908,Mexican,Little Mermaid,2,4.5,223
269,US,1802.8272566959076,German,Little Mermaid,3,4.0,488
270,US,378.18259450355794,Italian,Little Mermaid,2,3.5,334
271,US,1689.1955612007237,British,Little Mermaid,2,4.5,169
272,US,1499.046350057286,French,Little Mermaid,3,3.5,471
273,US,1076.179099851416,Steakhouses,Little Mermaid,4,4.0,215
274,US,2709.177987074666,Steakhouses,Little Mermaid,4,4.5,227
275,US,1576.3338188621258,American (Traditional),Little Mermaid,2,4.0,210
276,US,1268.037942971512,American (New),Little Mermaid,3,3.5,334
277,US,1500.356047847356,Japanese,Little Mermaid,3,4.0,330
278,US,2798.59040304185,Asian Fusion,Little Mermaid,2,4.0,633
279,US,1593.24254768188,Seafood,Little Mermaid,3,4.0,231
364,US,701.989592352894,American (New),Capitol Hill,3,4.5,1623
365,US,575.194498598398,Modern European,Capitol Hill,2,4.5,1119
366,US,537.985167650506,Breakfast & Brunch,Capitol Hill,2,4.0,1722
368,US,586.847313041206,Greek,Capitol Hill,2,4.0,1229
369,US,175.965625221214,American (New),Capitol Hill,2,4.5,574
370,US,200.85433756379598,Burgers,Capitol Hill,2,3.5,1753
371,US,315.23897404336,Italian,Capitol Hill,3,4.0,620
372,US,1821.840291872986,Ramen,Capitol Hill,2,4.0,1903
373,US,155.68006655966,Japanese,Capitol Hill,2,4.0,482
374,US,2134.621854108688,Indian,Capitol Hill,3,4.5,2587
375,US,276.557022322092,Coffee & Tea,Capitol Hill,1,4.5,428
376,US,2525.757071611758,Greek,Capitol Hill,3,4.0,3871
377,US,568.9101012155099,Pizza,Capitol Hill,2,4.0,826
378,US,338.866361493856,Mexican,Capitol Hill,1,4.0,516
379,US,273.253319441486,French,Capitol Hill,2,4.0,549
380,US,696.40149217534,Cafes,Capitol Hill,4,4.5,262
381,US,1770.725261028142,Pizza,Capitol Hill,1,4.5,616
382,US,948.705516882422,French,Capitol Hill,3,4.0,557
383,US,273.36708400795396,American (New),Capitol Hill,2,4.0,301
384,US,1153.1551045565539,American (New),Willis Tower (Sears Tower),3,4.5,7008
385,US,1262.1432736627999,Breakfast & Brunch,Willis Tower (Sears Tower),2,4.5,4494
386,US,1166.33050302051,Bars,Willis Tower (Sears Tower),2,4.5,4882
388,US,1645.1436698229618,Tapas/Small Plates,Willis Tower (Sears Tower),2,4.0,5761
389,US,1160.312432578344,Steakhouses,Willis Tower (Sears Tower),3,4.5,1860
390,US,1217.41985427071,Diners,Willis Tower (Sears Tower),2,4.0,3664
391,US,863.8302903246099,French,Willis Tower (Sears Tower),3,4.5,1904
392,US,1286.931875884144,Pizza,Willis Tower (Sears Tower),2,4.0,4383
393,US,972.7546214192079,Gastropubs,Willis Tower (Sears Tower),3,4.0,2401
394,US,1379.722169534402,Mexican,Willis Tower (Sears Tower),2,4.0,3312
395,US,1663.584738965746,Hot Dogs,Willis Tower (Sears Tower),1,4.0,4119
397,US,1736.6077722012258,Italian,Willis Tower (Sears Tower),2,4.0,3909
398,US,1686.876614109854,Seafood,Willis Tower (Sears Tower),3,4.5,1988
399,US,1370.2892399025,American (New),Willis Tower (Sears Tower),3,4.0,2864
400,US,849.6504446694798,Coffee & Tea,Willis Tower (Sears Tower),1,4.5,1388
401,US,1428.980538456452,Italian,Willis Tower (Sears Tower),3,4.0,2544
402,US,799.15395174452,Coffee & Tea,Willis Tower (Sears Tower),1,4.5,964
405,US,483.10026558049395,Pizza,Brooklyn Bridge,2,4.5,1589
406,US,495.781075399224,Pizza,Brooklyn Bridge,2,3.5,4214
407,US,1959.557895418614,Delis,Brooklyn Bridge,2,4.0,8695
408,US,1340.920553084358,Donuts,Brooklyn Bridge,2,4.5,2970
410,US,957.439278407364,Shanghainese,Brooklyn Bridge,2,4.0,4984
411,US,2819.746700099358,Ramen,Brooklyn Bridge,2,4.0,9239
412,US,372.899001892622,American (New),Brooklyn Bridge,4,4.0,882
413,US,1720.8289458676759,Pizza,Brooklyn Bridge,2,4.0,5365
414,US,1996.4014734349798,Bakeries,Brooklyn Bridge,2,4.0,4029
415,US,436.81474273141396,Seafood,Brooklyn Bridge,2,4.5,418
416,US,1881.3660420683082,Italian,Brooklyn Bridge,1,4.5,1652
417,US,1207.4769487719739,Burgers,Brooklyn Bridge,1,4.5,1316
418,US,1160.499108132578,Sandwiches,Brooklyn Bridge,1,4.5,990
419,US,1894.2325140398739,Cuban,Brooklyn Bridge,2,4.0,2984
420,US,1547.034805683406,Cajun/Creole,Brooklyn Bridge,2,4.5,1576
421,US,1064.105454585856,Chinese,Brooklyn Bridge,1,4.0,1351
422,US,1266.892646504472,Chinese,Brooklyn Bridge,1,4.5,926
423,US,1802.410820819762,American (New),Brooklyn Bridge,3,4.0,2777
464,US,590.1057498546979,Food Stands,Times Square,1,4.5,8722
465,US,445.641905361002,Coffee & Tea,Times Square,1,4.5,3194
466,US,409.980020645116,French,Times Square,4,4.5,2096
467,US,270.47420314277196,Steakhouses,Times Square,4,4.5,2377
468,US,640.5128814402799,Ramen,Times Square,2,4.0,4746
469,US,146.042336503642,American (Traditional),Times Square,2,4.0,3367
470,US,530.017157778212,Ramen,Times Square,2,4.0,3058
472,US,207.46253930457198,Italian,Times Square,2,4.0,2811
473,US,891.3790635332539,Bagels,Times Square,1,4.5,2079
476,US,651.956187173868,Thai,Times Square,2,4.0,2129
477,US,345.42151713515597,Burgers,Times Square,2,4.0,2814
478,US,269.21040807472,Italian,Times Square,2,4.0,1620
479,US,176.29842385849398,Italian,Times Square,2,4.0,1713
480,US,921.641627676936,Steakhouses,Times Square,4,4.0,2061
481,US,607.7826918126299,American (New),Times Square,2,4.0,1689
482,US,973.63994236677,Tapas Bars,Times Square,2,4.0,1671
483,US,509.23997310543797,Desserts,Times Square,1,4.0,1539
484,US,752.0805418976299,American (Traditional),The White House,2,4.0,10470
485,US,276.564732509098,Bars,The White House,2,4.0,6310
486,US,1138.423884694298,Greek,The White House,3,4.0,3871
487,US,1347.8373710367719,Indian,The White House,3,4.5,2587
489,US,845.6442912720498,Brazilian,The White House,3,4.0,1556
490,US,1581.283332605812,Brasseries,The White House,3,4.0,2351
491,US,1544.274975715252,American (New),The White House,3,4.0,1971
492,US,360.38578970709597,Seafood,The White House,3,4.5,889
493,US,385.831873945116,Seafood,The White House,2,3.5,1858
494,US,892.521893686744,Pizza,The White House,1,4.5,781
495,US,1243.71689071312,Pizza,The White House,2,4.0,2649
496,US,2166.438358171276,Bakeries,The White House,2,4.5,3639
497,US,1469.654436761462,Ramen,The White House,2,4.0,2317
499,US,551.65577564306,Mexican,The White House,1,4.0,1270
500,US,604.7807342274659,Pizza,The White House,1,4.5,426
501,US,1197.591330949218,American (Traditional),The White House,2,4.0,1367
502,US,1120.857547846546,American (Traditional),The White House,2,4.0,1491
503,US,1057.28816095492,Sandwiches,The White House,2,4.5,667
714,US,1215.676559568338,Breakfast & Brunch,Niagara Falls,1,4.5,255
716,US,1418.47754900251,Indian,Niagara Falls,2,4.0,455
723,US,1444.118296431986,Pizza,Niagara Falls,1,4.5,182
725,US,1020.56728529658,American (New),Niagara Falls,2,4.5,149
791,US,240.653853766158,American (New),Las Vegas,2,4.5,1731
792,US,366.649046799744,American (New),Las Vegas,2,4.0,2045
793,US,287.47207362699396,Pizza,Las Vegas,2,4.0,1861
794,US,298.966233860846,Vegan,Las Vegas,2,4.5,1097
795,US,126.77564777740798,Thai,Las Vegas,2,4.0,1482
796,US,317.787368922314,American (Traditional),Las Vegas,3,4.5,814
797,US,430.36702131769204,Steakhouses,Las Vegas,4,4.5,632
798,US,242.939592126128,Donuts,Las Vegas,1,4.5,719
799,US,940.1162214640619,Breakfast & Brunch,Las Vegas,2,4.5,920
800,US,281.63104957504,Steakhouses,Las Vegas,3,4.5,508
801,US,97.34670067137199,American (New),Las Vegas,2,4.0,822
802,US,104.366671202294,Lounges,Las Vegas,2,4.5,310
803,US,304.890392071982,Steakhouses,Las Vegas,2,4.0,958
804,US,165.030632584372,American (New),Las Vegas,2,4.0,973
805,US,774.223117180514,Cafes,Las Vegas,2,4.5,735
806,US,72.495999652118,American (New),Las Vegas,2,4.0,994
807,US,202.57175778044999,Bars,Las Vegas,2,3.5,1373
808,US,275.947441023044,Cocktail Bars,Las Vegas,2,4.5,328
809,US,1305.9289847107138,Sandwiches,Las Vegas,1,4.5,588
810,US,1745.5108800682158,Tacos,Las Vegas,1,4.5,1423
872,US,340.580291373918,French,St. Paul's Cathedral,3,4.5,349
873,US,902.9680710246761,Asian Fusion,St. Paul's Cathedral,1,4.5,127
874,US,1051.080721567096,Mexican,St. Paul's Cathedral,1,4.5,183
875,US,586.1536496817159,Sandwiches,St. Paul's Cathedral,2,3.5,523
876,US,971.3851934578399,Asian Fusion,St. Paul's Cathedral,2,4.0,297
877,US,2357.842975698016,Thai,St. Paul's Cathedral,1,4.5,899
878,US,310.378509105224,American (Traditional),St. Paul's Cathedral,2,4.0,323
879,US,297.280200763146,American (New),St. Paul's Cathedral,2,4.0,164
880,US,1053.1129576558699,Coffee & Tea,St. Paul's Cathedral,1,5.0,102
881,US,2060.6176492445857,Bars,St. Paul's Cathedral,2,3.5,938
882,US,1509.4331855576618,Pizza,St. Paul's Cathedral,2,4.0,289
883,US,872.210698560858,Japanese,St. Paul's Cathedral,1,4.0,245
884,US,177.97759923658597,Creperies,St. Paul's Cathedral,2,4.0,139
885,US,2958.6202973950058,Bakeries,St. Paul's Cathedral,1,4.5,375
886,US,2028.517349338378,Vegan,St. Paul's Cathedral,2,4.5,179
887,US,1507.4463412254559,Breakfast & Brunch,St. Paul's Cathedral,1,4.0,261
888,US,454.121550007802,Indian,St. Paul's Cathedral,2,4.0,207
889,US,2446.0004317128137,Coffee & Tea,St. Paul's Cathedral,1,4.5,292
890,US,926.324558272972,Barbeque,St. Paul's Cathedral,2,4.0,160
892,US,1287.3553627616318,Bakeries,Central Park,2,4.5,2143
893,US,954.3825644771059,Comfort Food,Central Park,2,4.0,2885
894,US,2621.905791013444,Food Stands,Central Park,1,4.5,8722
895,US,704.7816166849459,Cuban,Central Park,2,4.0,2263
896,US,969.72801019365,Burgers,Central Park,2,4.0,2219
897,US,1799.2578847727718,French,Central Park,4,4.5,1354
898,US,1588.804838819938,Thai,Central Park,2,4.5,1588
899,US,1073.931522805262,Vegetarian,Central Park,3,4.0,1175
900,US,1446.080005448336,Italian,Central Park,2,4.0,1957
901,US,1569.2602125695519,Japanese,Central Park,2,4.0,1468
902,US,1042.825555388328,Seafood,Central Park,3,4.0,905
903,US,1282.91538633963,Seafood,Central Park,2,4.0,1055
904,US,977.3017964614119,Burgers,Central Park,2,4.0,1256
905,US,1340.086894203872,Bakeries,Central Park,1,4.5,770
906,US,2784.518393305562,Coffee & Tea,Central Park,1,4.5,3194
907,US,668.7629221399139,Greek,Central Park,2,3.5,1314
908,US,1006.48070169912,Seafood,Central Park,2,4.0,901
909,US,1007.8408456998959,Chinese,Central Park,2,4.0,1038
910,US,2742.752318018892,French,Central Park,4,4.5,2096
912,US,3653.483278715888,Steakhouses,Mount Rushmore,2,4.0,172
961,US,1374.596198097076,Seafood,Space Needle,2,4.5,5531
962,US,1281.735615878582,Bakeries,Space Needle,1,4.5,4962
963,US,761.242109124884,Cajun/Creole,Space Needle,2,4.0,3333
964,US,1234.934633658486,Italian,Space Needle,2,4.5,3257
965,US,653.4933511716799,Sushi Bars,Space Needle,3,4.5,1778
966,US,316.706433180554,Breakfast & Brunch,Space Needle,2,4.5,1510
967,US,1062.037360631608,Greek,Space Needle,2,4.0,3240
968,US,832.219163634528,Sushi Bars,Space Needle,2,4.0,2977
969,US,1068.151575459384,Pizza,Space Needle,2,4.0,3608
971,US,1436.2381945041159,Bakeries,Space Needle,1,4.5,1927
972,US,1295.309346270222,Bakeries,Space Needle,1,4.5,1957
973,US,839.00793477171,Italian,Space Needle,2,4.5,1502
974,US,1332.21218388687,Cheese Shops,Space Needle,1,4.0,2173
975,US,1585.6898551944319,Japanese,Space Needle,2,4.0,3722
976,US,1255.89587371904,Breakfast & Brunch,Space Needle,1,4.0,2458
977,US,557.951631848616,American (New),Space Needle,2,4.5,724
979,US,3.2403571660640003,American (New),Space Needle,3,4.0,1493
980,US,1453.6736847678378,Coffee & Tea,Space Needle,2,4.5,1087
1022,US,2354.830689529666,American (New),Alcatraz,4,4.5,4719
1023,US,2308.216347780192,Seafood,Alcatraz,2,4.0,3993
1024,US,2251.023192522676,British,Alcatraz,1,4.5,2513
1025,US,3464.1155733762257,Asian Fusion,Alcatraz,3,4.5,4239
1026,US,3727.993198719174,American (Traditional),Alcatraz,3,4.0,6199
1027,US,2043.709297493194,Seafood,Alcatraz,3,4.0,2984
1028,US,3055.431276782894,Breakfast & Brunch,Alcatraz,2,4.0,3811
1029,US,3925.203795631896,Greek,Alcatraz,3,4.5,4000
1030,US,3207.5987658326876,Pizza,Alcatraz,2,4.0,3936
1031,US,2360.2475269631,Breakfast & Brunch,Alcatraz,2,4.5,1738
1032,US,3283.562519335124,Seafood,Alcatraz,2,4.5,2998
1033,US,3293.1178346069396,Pizza,Alcatraz,1,4.5,2806
1034,US,2284.418999058834,Bars,Alcatraz,2,4.0,2151
1035,US,2177.438250823232,Bakeries,Alcatraz,2,4.0,2848
1037,US,2327.9596834246618,American (New),Alcatraz,2,4.5,834
1038,US,3208.041983540444,French,Alcatraz,4,4.5,1385
1040,US,2820.600566013818,American (New),Alcatraz,3,4.0,1961
1050,US,1446.1512440099739,American (Traditional),Washington Monument,2,4.0,10470
1051,US,961.929629907244,Bars,Washington Monument,2,4.0,6310
1052,US,1470.9040083216598,Greek,Washington Monument,3,4.0,3871
1053,US,1353.462460767688,Indian,Washington Monument,3,4.5,2587
1055,US,930.44290069301,Brazilian,Washington Monument,3,4.0,1556
1056,US,1081.692483522658,Pizza,Washington Monument,1,4.5,781
1057,US,1614.0806080541638,Pizza,Washington Monument,2,4.0,2649
1058,US,1694.713609222088,Ramen,Washington Monument,2,4.0,2317
1060,US,2691.336220859152,Bakeries,Washington Monument,2,4.5,3639
1061,US,928.5149717232599,Seafood,Washington Monument,2,3.5,1858
1062,US,1187.482321445732,Seafood,Washington Monument,3,4.5,889
1064,US,959.534464956776,American (New),Washington Monument,3,4.0,1138
1065,US,1322.518043084238,Mexican,Washington Monument,2,3.5,2291
1067,US,1005.2109520730679,Mexican,Washington Monument,1,4.0,1270
1068,US,1399.369598009978,Seafood,Washington Monument,2,4.0,1119
1150,US,3323.17769304345,American (Traditional),Pentagon,2,4.0,10470
1152,US,2113.617690214456,Halal,Pentagon,2,4.0,1603
1153,US,3519.125906762102,Bars,Pentagon,2,4.0,6310
1154,US,3581.0799305378437,Bakeries,Pentagon,2,4.5,3639
1155,US,1301.908881876032,"Beer, Wine & Spirits",Pentagon,1,5.0,236
1156,US,3301.191901755508,American (New),Pentagon,2,4.0,2641
1159,US,2839.348158582504,Mexican,Pentagon,1,4.5,493
1160,US,3161.185993435412,Vietnamese,Pentagon,1,4.0,1405
1163,US,1348.1040969328799,Ethiopian,Pentagon,2,4.5,279
1166,US,3335.2749725934477,Seafood,Pentagon,3,4.0,851
1167,US,3776.7677363073594,American (New),Pentagon,3,4.0,1971
1186,US,231.71345877884,Breakfast & Brunch,"Cloud Gate, Chicago",2,4.5,4494
1188,US,935.661281559674,Tapas/Small Plates,"Cloud Gate, Chicago",2,4.0,5761
1190,US,205.85325434399996,Gastropubs,"Cloud Gate, Chicago",3,4.0,2401
1191,US,2046.1822870683159,American (New),"Cloud Gate, Chicago",3,4.5,7008
1193,US,1055.97524528952,Seafood,"Cloud Gate, Chicago",3,4.5,1988
1194,US,1204.7859835889578,Steakhouses,"Cloud Gate, Chicago",3,4.5,1860
1195,US,1219.113573737184,Pizza,"Cloud Gate, Chicago",2,4.0,4383
1196,US,1094.260541532582,Mexican,"Cloud Gate, Chicago",2,4.0,3312
1197,US,1078.719831697026,Italian,"Cloud Gate, Chicago",3,4.0,2544
1198,US,860.3855487488198,Seafood,"Cloud Gate, Chicago",3,4.0,1814
1199,US,816.767374822926,Coffee & Tea,"Cloud Gate, Chicago",1,4.5,1388
1200,US,607.8542657607239,Coffee & Tea,"Cloud Gate, Chicago",1,4.5,964
1201,US,1055.3793272870719,Asian Fusion,"Cloud Gate, Chicago",2,4.0,2268
1202,US,2029.233303666208,Bars,"Cloud Gate, Chicago",2,4.5,4882
1203,US,1381.1045250021218,Hot Dogs,"Cloud Gate, Chicago",1,4.0,4119
1204,US,908.8016610523679,Italian,"Cloud Gate, Chicago",3,4.0,1423
1205,US,1270.948724847382,Italian,"Cloud Gate, Chicago",2,4.0,3909
1254,US,2025.3503569939598,American (Traditional),Ponte Vecchio,2,4.5,409
1256,US,7.745873154896,Thai,Ponte Vecchio,2,4.0,153
1257,US,1418.09289984444,American (New),Ponte Vecchio,3,4.0,229
1258,US,12.314076638209999,Italian,Ponte Vecchio,2,3.5,145
1261,US,2439.061962665644,Thai,Ponte Vecchio,2,4.0,114
1263,US,3248.9852375640558,Barbeque,Ponte Vecchio,2,3.5,269
1264,US,3204.823697185008,Cafes,Ponte Vecchio,2,4.0,118
1267,US,3411.1604447405375,Latin American,Ponte Vecchio,2,3.0,148
1269,US,2660.173526782162,Steakhouses,Ponte Vecchio,2,3.5,107
1393,US,4136.797910315589,American (Traditional),Bryce Canyon National Park,2,3.5,163
1421,US,1333.7507089035198,Shanghainese,"Freedom Tower, Ground Zero",2,4.0,4984
1422,US,2421.925767960016,Delis,"Freedom Tower, Ground Zero",2,4.0,8695
1423,US,2811.054563831648,Ramen,"Freedom Tower, Ground Zero",2,4.0,9239
1425,US,1214.4719223902798,Burgers,"Freedom Tower, Ground Zero",1,4.5,1316
1426,US,532.279932304788,American (New),"Freedom Tower, Ground Zero",3,4.0,817
1427,US,580.3184971458179,Middle Eastern,"Freedom Tower, Ground Zero",2,4.5,583
1428,US,929.314391573378,Seafood,"Freedom Tower, Ground Zero",2,4.5,915
1429,US,1069.2776992152678,Cocktail Bars,"Freedom Tower, Ground Zero",2,4.0,1214
1430,US,2126.7542429122936,Donuts,"Freedom Tower, Ground Zero",2,4.5,2970
1432,US,752.569633359284,Korean,"Freedom Tower, Ground Zero",4,4.5,463
1433,US,438.054940368914,Bakeries,"Freedom Tower, Ground Zero",2,4.0,713
1434,US,839.96246731718,Italian,"Freedom Tower, Ground Zero",3,4.0,1416
1435,US,543.4987116120119,Italian,"Freedom Tower, Ground Zero",2,4.5,450
1436,US,1786.6084495201442,Pizza,"Freedom Tower, Ground Zero",2,4.0,5365
1437,US,306.71933568822,Burgers,"Freedom Tower, Ground Zero",2,4.0,844
1438,US,1222.992335803564,Shanghainese,"Freedom Tower, Ground Zero",2,4.0,1272
1439,US,1221.705191465188,Whiskey Bars,"Freedom Tower, Ground Zero",2,4.5,688
1440,US,973.084157441506,Pizza,"Freedom Tower, Ground Zero",2,4.0,1342
1461,US,932.2608349752419,Cajun/Creole,Gateway Arch,2,4.5,1174
1462,US,1121.629717064312,Creperies,Gateway Arch,2,4.0,1326
1463,US,1087.220642866308,Latin American,Gateway Arch,2,4.0,772
1464,US,1033.606676505928,American (New),Gateway Arch,2,4.0,572
1465,US,965.0405592834219,Burgers,Gateway Arch,2,3.5,1198
1466,US,768.1571762763119,Barbeque,Gateway Arch,2,4.5,438
1467,US,849.123522291512,Pizza,Gateway Arch,2,4.5,263
1469,US,547.393011695158,American (New),Gateway Arch,2,4.0,462
1471,US,753.776729447928,Pizza,Gateway Arch,2,4.0,371
1473,US,408.10905925361993,Italian,Gateway Arch,4,4.5,157
1474,US,1526.745532343264,Mediterranean,Gateway Arch,1,4.5,185
1475,US,1665.7572213106878,American (New),Gateway Arch,3,4.5,236
1476,US,2367.021511645296,Breweries,Gateway Arch,2,4.0,560
1477,US,577.903244896272,Sushi Bars,Gateway Arch,2,3.5,234
1478,US,2565.219109377054,Lounges,Gateway Arch,2,4.0,474
1479,US,2509.486016569158,American (New),Gateway Arch,3,4.0,425
1480,US,1071.51045214788,Delis,Gateway Arch,1,4.5,141
1481,US,2080.532892012912,Sandwiches,Moulin Rouge,1,4.5,232
1483,US,2664.511312528174,Gastropubs,Moulin Rouge,2,4.0,271
1484,US,3269.256961856168,Seafood,Moulin Rouge,1,5.0,125
1495,US,2840.655312327902,American (Traditional),Moulin Rouge,2,3.5,102
1667,US,69.646200335934,Burgers,Alhambra,2,4.0,2062
1668,US,100.184873149792,Korean,Alhambra,2,4.0,2315
1669,US,721.436709175482,Ramen,Alhambra,2,4.5,1898
1670,US,132.089613623098,Pubs,Alhambra,2,4.0,1593
1671,US,1938.289736839188,Pizza,Alhambra,1,4.0,3317
1672,US,78.51483066836799,Indonesian,Alhambra,1,4.0,632
1673,US,450.47590776058394,Hot Dogs,Alhambra,1,4.0,974
1674,US,1635.3875489917118,Vietnamese,Alhambra,1,4.0,2238
1675,US,237.41850631458001,Tea Rooms,Alhambra,1,4.0,820
1676,US,2010.3171699082757,Seafood,Alhambra,2,4.0,2447
1677,US,1929.3910873267998,Sandwiches,Alhambra,1,4.5,1413
1678,US,45.085114050937996,Sushi Bars,Alhambra,2,4.0,1147
1679,US,70.46378174888599,Seafood,Alhambra,2,3.5,1170
1680,US,720.118784922134,Ramen,Alhambra,1,4.0,1183
1681,US,185.557263618698,Coffee & Tea,Alhambra,1,4.0,480
1682,US,1999.167360476092,Korean,Alhambra,2,4.5,1242
1683,US,81.38556798075399,Seafood,Alhambra,2,4.0,636
1684,US,1684.8511150401878,Tea Rooms,Alhambra,1,4.0,1573
1685,US,1865.402531738774,Desserts,Alhambra,1,4.0,883
1686,US,104.798756783402,Cafes,Alhambra,2,4.0,277
1864,US,608.0886905936919,Mediterranean,Hollywood Walk of Fame,3,4.0,1664
1865,US,2035.2388453964738,Seafood,Hollywood Walk of Fame,4,4.5,2342
1866,US,813.394650729334,Performing Arts,Hollywood Walk of Fame,3,4.0,2066
1867,US,1111.006822285264,Breakfast & Brunch,Hollywood Walk of Fame,2,4.0,3277
1868,US,2663.7579082148077,Breakfast & Brunch,Hollywood Walk of Fame,2,4.0,5051
1869,US,470.974691902088,Burgers,Hollywood Walk of Fame,2,4.0,1791
1870,US,2533.660307963062,American (New),Hollywood Walk of Fame,2,4.0,4173
1871,US,158.49476407830198,Steakhouses,Hollywood Walk of Fame,3,4.0,1182
1872,US,475.39829972695,Coffee & Tea,Hollywood Walk of Fame,1,4.5,476
1873,US,2104.777564512102,Pizza,Hollywood Walk of Fame,2,4.0,3786
1874,US,391.55953367345995,Music Venues,Hollywood Walk of Fame,2,4.5,552
1875,US,432.76825718144204,Dance Clubs,Hollywood Walk of Fame,2,4.0,1096
1876,US,1462.077338632914,Thai,Hollywood Walk of Fame,1,4.5,1241
1877,US,895.444945331708,Japanese,Hollywood Walk of Fame,3,3.5,2867
1878,US,1257.703309471782,Brazilian,Hollywood Walk of Fame,2,3.5,2699
1879,US,837.73798446096,Fast Food,Hollywood Walk of Fame,1,4.0,1318
1881,US,896.869592645288,Sandwiches,Hollywood Walk of Fame,2,4.0,1590
1882,US,514.199280487694,Gastropubs,Hollywood Walk of Fame,2,3.5,1581
1883,US,743.813241295262,Burgers,Hollywood Walk of Fame,2,3.5,1734
1906,US,2442.060450352834,Cocktail Bars,Ellis Island Immigration Museum,2,4.0,1214
1907,US,1908.5031419206678,Mexican,Ellis Island Immigration Museum,1,4.0,1441
1908,US,2492.61904191477,Seafood,Ellis Island Immigration Museum,2,4.5,915
1910,US,1624.0053502197918,Cafes,Ellis Island Immigration Museum,2,4.0,522
1911,US,2373.60519782705,Cafes,Ellis Island Immigration Museum,1,4.5,346
1912,US,2069.197841914038,Italian,Ellis Island Immigration Museum,2,4.0,595
1913,US,2095.430505882986,Korean,Ellis Island Immigration Museum,2,4.0,653
1914,US,1673.0006525630258,Wine Bars,Ellis Island Immigration Museum,3,4.0,546
1915,US,2361.3508577974976,Mexican,Ellis Island Immigration Museum,2,4.0,796
1917,US,3371.549458373958,Barbeque,Ellis Island Immigration Museum,2,4.0,984
1918,US,2061.99598635126,Diners,Ellis Island Immigration Museum,2,3.5,1150
1920,US,2490.453596248044,Latin American,Ellis Island Immigration Museum,2,4.0,660
1921,US,1081.911712967346,American (New),Ellis Island Immigration Museum,3,3.5,366
1922,US,2587.309132788776,Seafood,Ellis Island Immigration Museum,2,4.5,499
1923,US,2310.839175116948,Thai,Ellis Island Immigration Museum,2,4.5,253
